loss,acc,val_loss,val_acc
0.03144838474690914,0.9416040182113647,0.015936076641082764,0.992462158203125
