loss,acc,jaccard_coef_int,val_loss,val_acc,val_jaccard_coef_int
11.414658516645432,0.95393306016922,0.037206124514341354,11.87238597869873,0.9906215667724609,0.025354601442813873
