loss,acc,val_loss,val_acc
0.04862134830909781,0.9189958572387695,0.04003366827964783,0.9687923789024353
