loss,acc,val_loss,val_acc
0.0,0.2744140625,0.0,0.34478759765625
