loss,acc,val_loss,val_acc
0.04966296379279811,0.04114554822444916,0.02527809329330921,0.027784347534179688
